{"name": "PlanarL2", "period": [3.3733079659716396, 3.373311246088349, 3.373317536483626, 3.373327694429948, 3.3733427774717106, 3.3733640869028965, 3.373393220768213, 3.373432137068968, 3.3734832306970106, 3.373549426207561, 3.373634290131434, 3.3737421660261866, 3.373878338036682, 3.3740492283955352, 3.374262636079119, 3.3745280254827636, 3.3748568763758544, 3.3752631082047664, 3.375763596109053, 3.3763788001853703, 3.377133535174542, 3.3780579156681516, 3.379188522546288, 3.3805698499871695, 3.3822561117204515, 3.3841474423709648, 3.3862204071530178, 3.3884762669697874, 3.3909165922755493, 3.3935432491718323, 3.396358386073548, 3.399364420947985, 3.4025640289230745, 3.4059601301925224, 3.4095558780904778, 3.413354647229053, 3.417360021585031, 3.421575782499108, 3.426005896433236, 3.430654502447078, 3.4355258993426663, 3.440624532326153, 3.4459549792329236, 3.4515219361838145, 3.457330202689479, 3.4633846661208207, 3.469690285511388, 3.476252074790063, 3.4830750852551073, 3.4901643874728165, 3.497525052483979, 3.505162132481768, 3.5130806408333877, 3.521285531713832, 3.529781679201355, 3.5385738560838242, 3.547666712401558, 3.5570647538160323, 3.5667723199662653, 3.5767935628829406, 3.5871324256667525, 3.597792621489601, 3.6087776131283995, 3.6200905931460903, 3.6317344648628795, 3.6437118243067927, 3.656024943230455, 3.6686757533652323, 3.6816658320416944, 3.694996389270486, 3.7086682564190943, 3.7226818765474268, 3.7370372964765193, 3.7517341606944736, 3.7667717070871842, 3.782148764481794, 3.797863752142504, 3.813914681043892, 3.8302991569849723, 3.847014385418091, 3.864057178031904, 3.881423960904074, 3.899110784124889, 3.9171133328989853, 3.9354269398958204, 3.954046598711544, 3.972966978454914, 3.992182439172759, 4.011687048028569, 4.03147459619138, 4.051538616131991, 4.0718723993600054, 4.092469014379686, 4.11332132482365, 4.134422007557557, 4.155763570769805, 4.177338371847081, 4.199138635066257, 4.221156468868405, 4.243383882825011], "jacobi": [-1.5860999606446997, -1.586099091716663, -1.5860974254353413, -1.5860947348388454, -1.5860907400078346, -1.5860850966340783, -1.5860773822308043, -1.5860670795185638, -1.5860535564336709, -1.5860360421054014, -1.5860135980314198, -1.5859850835468994, -1.5859491145303695, -1.5859040141180085, -1.5858477540084548, -1.5857778847346302, -1.5856914530625272, -1.5855849044584633, -1.5854539683609294, -1.5852935238244403, -1.5850974430068003, -1.5848584100016665, -1.5845677127541005, -1.584215006352048, -1.5837880470245809, -1.5833138071180621, -1.5827995571880873, -1.5822463780965528, -1.581655360551255, -1.581027604876109, -1.5803642207531179, -1.5796663269316236, -1.5789350509004612, -1.5781715285187983, -1.5773769036015624, -1.576552327455543, -1.5756989583624441, -1.5748179610053956, -1.5739105058356988, -1.572977768376896, -1.5720209284635995, -1.5710411694129411, -1.5700396771269451, -1.5690176391246604, -1.5679762435034506, -1.5669166778294739, -1.565840127958079, -1.5647477767855618, -1.5636408029345366, -1.562520379375988, -1.5613876719919455, -1.560243838083588, -1.5590900248305213, -1.5579273677078314, -1.5567569888684287, -1.5555799954990355, -1.5543974781589756, -1.5532105091116626, -1.5520201406593264, -1.5508274034920717, -1.5496333050627715, -1.5484388279996073, -1.5472449285681833, -1.546052535195135, -1.5448625470649415, -1.5436758328012838, -1.5424932292437612, -1.5413155403300391, -1.5401435360926288, -1.538977951778472, -1.5378194870983246, -1.5366688056116593, -1.5355265342514237, -1.5343932629915356, -1.5332695446585456, -1.532155894887374, -1.5310527922195458, -1.5299606783409534, -1.528879958454759, -1.5278110017838613, -1.5267541421960855, -1.5257096789443698, -1.5246778775132472, -1.5236589705622592, -1.5226531589563612, -1.5216606128730472, -1.5206814729755607, -1.5197158516416642, -1.5187638342373766, -1.51782548042531, -1.516900825497657, -1.5159898817241666, -1.515092639706135, -1.5142090697278405, -1.513339123097693, -1.5124827334719195, -1.5116398181543849, -1.510810279366868, -1.5099940054848644, -1.5091908722346088], "periapsis": [0.16770506713316435, 0.16753743237441143, 0.16735280859363022, 0.16714945065744335, 0.16692542958928946, 0.16667861235170967, 0.16640663926790555, 0.16610689878281848, 0.16577649923707893, 0.1654122372846505, 0.16501056253784063, 0.1645675379830378, 0.16407879565866645, 0.1635394870481932, 0.16294422758757965, 0.1622870346611449, 0.16156125844129265, 0.160759504932124, 0.15987355062018915, 0.1588942482748401, 0.1578114236114767, 0.1566137629030684, 0.1552886921613028, 0.15382224934141253, 0.1521989522668823, 0.15054054650989035, 0.1488723505629692, 0.1471950065034806, 0.14550916344436637, 0.14381547744639067, 0.14211461142295012, 0.14040723503710617, 0.138694024579036, 0.13697566282358675, 0.1352528388609615, 0.13352624789446677, 0.1317965909978176, 0.13006457483598877, 0.1283309113340545, 0.12659631729769316, 0.12486151398056577, 0.12312722658854769, 0.12139418372756827, 0.1196631167850375, 0.11793475924463515, 0.1162098459362002, 0.11448911220956237, 0.11277329305007089, 0.11106312211391955, 0.10935933070474912, 0.10766264667562253, 0.10597379328035905, 0.10429348795074045, 0.10262244103429086, 0.10096135447093091, 0.09931092043570522, 0.09767181994399032, 0.09604472143036746, 0.09443027931119508, 0.09282913254000813, 0.0912419031664855, 0.08966919491005654, 0.08811159175942307, 0.08656965661093796, 0.08504392995377197, 0.08353492861983658, 0.08204314460343465, 0.08056904396530418, 0.0791130658299739, 0.07767562148577034, 0.07625709359686472, 0.07485783553350078, 0.07347817082377972, 0.07211839274041387, 0.0707787640174038, 0.06945951669481176, 0.06816085210903733, 0.0668829410070575, 0.06562592379788135, 0.06438991092203117, 0.06317498335241378, 0.061981193205207896, 0.06080856445367244, 0.05965709374992967, 0.05852675133439189, 0.057417482016405064, 0.05632920624050253, 0.055261821202869266, 0.054215202018707886, 0.05318920293489504, 0.052183658566455016, 0.051198385156667525, 0.050233181845612984, 0.04928783194592534, 0.048362104204465295, 0.04745575405859248, 0.0465685248651595, 0.045700149111858934, 0.04485034958392875, 0.044018840506690804],